Hour,Min,Sec,X,Y,Z,Xerror,Yerror,Zerror,Lat,Lon,h
13,31,50.0,4929474.382721846,-28767.026660805244,4033738.2007958293,0.658912335473055,0.3146182986395106,0.49495309394135945,39.48137289154064,-0.33435826595985174,48.2369892783463
13,31,55.0,4929474.594506786,-28766.74066781498,4033738.1628910517,0.6911626568724569,0.33005604192663646,0.519315267503739,39.48137142474916,-0.33435492758302926,48.37505971733481
13,32,0.0,4929474.685309659,-28766.884472520578,4033738.2725310447,0.5751199625424871,0.27467329971162047,0.4322389303608579,39.48137166213641,-0.33435659282384017,48.51550283841789
13,32,5.0,4929475.373389788,-28766.966471720534,4033738.411942812,0.6531216786962231,0.31196235018374396,0.4909919168800283,39.481368688094875,-0.3343574992061313,49.13558675907552
13,32,10.0,4929474.691991482,-28767.052999533764,4033738.1872895844,0.5035264244034114,0.2405358961698077,0.37863213843314236,39.48137102565438,-0.3343585511103326,48.467220205813646
13,32,15.0,4929475.124604158,-28766.880846856195,4033738.503756295,0.6412084207044364,0.30634154322684476,0.4822914759385699,39.48137075396395,-0.3343565208880131,49.00156132970005
13,32,20.0,4929474.8478000695,-28767.073615142486,4033738.0823866944,0.659638453637391,0.31518182472139217,0.49628557979296006,39.48136940341938,-0.33435878015144366,48.52086884807795
13,32,25.0,4929473.818858882,-28767.230829127995,4033737.3975017522,0.521202406627793,0.24906322087218202,0.39223611934340263,39.481370529455354,-0.33436067719343,47.291952865198255
13,32,30.0,4929474.246698945,-28767.247976550243,4033737.754072093,0.44240018983034984,0.2114296942331227,0.333021409812001,39.4813705575641,-0.33436084747362194,47.848962008953094
13,32,35.0,4929474.4433638025,-28767.103930069254,4033737.967419417,0.5323613202228249,0.2544509794491723,0.4008475026905301,39.48137091928164,-0.3343591599245774,48.135754778049886
13,32,40.0,4929475.084475076,-28767.195322856373,4033738.0480604526,0.7452427414115808,0.35623929714516456,0.5612888955623747,39.48136780534081,-0.3343601786712002,48.68226156104356
13,32,45.0,4929474.832653966,-28767.144577257783,4033738.2290685256,0.5876356024221671,0.28092996037924867,0.4427034913703696,39.48137050749407,-0.33435960595043995,48.60276274289936
13,32,50.0,4929474.301409696,-28767.05163132519,4033737.7923548766,0.7931514984207976,0.3792201907914734,0.5976917937895811,39.48137051694629,-0.3343585616999989,47.91464563831687
13,32,55.0,4929475.207039001,-28766.775675773242,4033738.5299394075,0.6485636802322701,0.31012213072498535,0.48886646532986,39.481370467414976,-0.3343552929244423,49.08136028330773
13,33,0.0,4929474.414246868,-28766.810861383026,4033737.751477136,0.5379563150243748,0.25725949142147414,0.4056030607609175,39.481369594625974,-0.33435575564852293,47.97465978842229
13,33,5.0,4929476.32316417,-28768.79852163813,4033735.4355007047,0.583386841667621,0.2790132390650172,0.43997461080778494,39.481342495995015,-0.3343787281540833,47.98438955564052
13,33,10.0,4929491.239155615,-28764.760554249944,4033719.478608368,0.3919695376156651,0.18748384418875805,0.2956924488722716,39.48114628096693,-0.3343307844462863,49.332856476306915
13,33,15.0,4929501.425147485,-28731.00271932937,4033705.2013819925,0.4105349684387658,0.19638306648527507,0.3097810838607139,39.480989822649015,-0.33393773838877366,47.964884934946895
13,33,20.0,4929512.50456639,-28689.57718999678,4033691.3955139723,0.4781346311700166,0.22958025542072377,0.380353049479603,39.48083177897057,-0.3334555147944173,47.55195982940495
13,33,25.0,4929522.588672929,-28647.070003420427,4033679.7799567734,0.249967197833387,0.1200237174742746,0.1988431985761097,39.48069469593704,-0.3329607888850293,47.7589322142303
13,33,30.0,4929534.6920025945,-28624.303427684892,4033666.583104569,0.8697620059389489,0.41762277373795476,0.6918625384589588,39.48053439815292,-0.33269536534853367,48.607745996676385
13,33,35.0,4929554.578514683,-28628.978988168958,4033640.5704172035,0.5499679271354376,0.27850107640397215,0.4358684056218451,39.48023952116733,-0.3327483650350195,47.438462406396866
13,33,40.0,4929575.824266979,-28633.972323679856,4033615.3623403236,0.480138385991845,0.24305647427965496,0.3805375178119847,39.47994244329119,-0.3328049658621791,47.831461117602885
13,33,45.0,4929583.168406625,-28635.13523201205,4033606.510793655,0.6197368181859261,0.2975701335784587,0.49295255978099367,39.47983881194713,-0.33281798590422784,47.877258624881506
13,33,50.0,4929582.68433662,-28635.323761369156,4033606.496950209,0.7830840854367207,0.376000880656379,0.6228734207846017,39.479841481500166,-0.3328202097589197,47.49567980878055
13,33,55.0,4929588.862028725,-28636.856487973266,4033598.1487545804,0.3221412105427699,0.15467671632925428,0.25623104203064084,39.47974801688117,-0.3328376067042046,46.96288259886205
13,34,0.0,4929611.0026729675,-28641.82301595339,4033572.693557869,0.44154677052384406,0.22321227246190745,0.34999641152601657,39.47944409722647,-0.332893834754345,47.88964386191219
13,34,5.0,4929641.890063816,-28649.284152959946,4033535.5553413397,0.4313810341857593,0.2179978181066555,0.3419502170440664,39.47900878533745,-0.33297846468187875,48.15087795909494
13,34,15.0,4929708.562429369,-28665.801834394264,4033453.4236366726,0.7080458522022697,0.35756174283612263,0.5612989989466661,39.47805545173114,-0.3331659324558316,47.46760621294379
13,34,20.0,4929739.675404301,-28672.999853414003,4033415.688041878,0.8049292455500361,0.4063460873522585,0.6381263411330522,39.47761470346396,-0.33324748577092866,47.52317723631859
13,34,25.0,4929769.038910215,-28679.111526356482,4033380.4477061452,0.6724457523510257,0.3228645308517391,0.5348317994367773,39.47720135690464,-0.33331653081555584,47.81031403783709
13,34,30.0,4929795.551800224,-28688.760424681648,4033348.7191385813,0.6144515339343739,0.29501686092665463,0.4887028165583298,39.47682863053616,-0.3334268772679514,48.14603560231626
13,34,35.0,4929804.777082262,-28720.03862558782,4033336.5123130814,0.5201035461244361,0.24971509761810143,0.4136611824344032,39.47668989625382,-0.33378976633563634,47.64664830546826
13,34,40.0,4929795.021043693,-28770.999146228085,4033349.81978842,0.4698635699163716,0.2255911930729484,0.37370159407266385,39.47683657739577,-0.3343826875144462,48.806051569990814
13,34,45.0,4929779.351859813,-28837.606972070014,4033368.978963492,0.4867553095993371,0.23369864591871642,0.3871351461647831,39.477057274152806,-0.33515786549520177,49.19270412065089
13,34,50.0,4929762.702229917,-28901.247669027736,4033386.0729999226,0.5025122722782942,0.23887707359455748,0.4463935577862134,39.477269322252674,-0.3358986310539946,47.49699216801673
13,34,55.0,4929750.89897421,-28956.29402649274,4033402.107065597,0.3617866587363249,0.17196406708154205,0.32148225367933847,39.477446533950456,-0.33653918673874833,48.82985961064696
13,35,0.0,4929738.556846818,-29003.444669672117,4033415.7985992264,0.27668083052375625,0.13283341139180094,0.2200540029503146,39.477610808038186,-0.33708801767221047,48.22214248031378
13,35,5.0,4929730.147725671,-29040.086405257007,4033426.7971153087,0.40995203648940265,0.19681338144889218,0.3260493558980216,39.47773419005434,-0.33751444640763895,48.89059531874955
13,35,10.0,4929725.553210587,-29059.345987244244,4033432.4533485994,0.5502686777205048,0.26417342385634235,0.43764850375171227,39.477799173109275,-0.3377385978565098,49.027995055541396
13,35,15.0,4929724.0275135385,-29066.961701265645,4033435.1729239807,0.2506658184369832,0.12033770158594786,0.19936386243475623,39.47782655966892,-0.3378272130362344,49.61407952941954
13,35,20.0,4929723.927703949,-29066.315193233455,4033435.158244515,0.18549108684212207,0.0890474383535106,0.14752830731161348,39.47782705098546,-0.33781970608922046,49.52476559393108
13,35,25.0,4929722.457715239,-29067.208670062086,4033434.8274242925,0.6352593748986297,0.3049585891024383,0.5052481994855446,39.477833138533356,-0.33783019090896294,48.18388168141246
13,35,30.0,4929719.45451923,-29087.02362148906,4033440.536660899,0.3151004575932608,0.15126208314059628,0.2506136120854031,39.4778893582772,-0.3380606884349894,49.585873615927994
13,35,35.0,4929710.818370038,-29121.81818867041,4033451.116124189,0.22154827520416717,0.10635071114581182,0.17620831354865094,39.478011185866706,-0.3384656679383195,49.804792082868516
13,35,40.0,4929700.468891714,-29162.177568253122,4033462.6394299613,0.345893448328289,0.16603704679280457,0.27510796735310716,39.47814919644221,-0.33893544174769347,49.32697616238147
13,35,45.0,4929691.763239232,-29198.993162212068,4033472.665963586,0.7134516592157534,0.3424659845165999,0.5674512431137485,39.478267506381975,-0.3393639177931592,49.150414956733584
13,35,50.0,4929683.64246454,-29236.549648417396,4033484.4170936164,0.24986728966549007,0.11993671436196865,0.19873619078245058,39.47839442997385,-0.3398009657977354,50.525399815291166
13,35,55.0,4929673.171513438,-29275.860510413462,4033495.5659845,0.916409281656334,0.43502072473629483,0.8173503993256724,39.47853056344217,-0.3402585671502027,49.7117996616289
13,36,0.0,4929662.692475798,-29318.091410745503,4033508.0324142594,0.2529696512129042,0.1402796986493971,0.20438172551113523,39.478675801680254,-0.34075010836640335,49.74331929348409
13,36,5.0,4929651.48113819,-29362.208454542237,4033520.7391081653,0.21277047783283667,0.10097855212018192,0.18989024260773962,39.478826837320945,-0.34126362358356477,49.37136625684798
13,36,10.0,4929643.010325171,-29404.701501561558,4033532.538073334,0.4387565795518476,0.20820402428556467,0.39169811603414484,39.47895592206319,-0.341758076521222,50.53041503112763
13,36,15.0,4929632.142353797,-29447.10071517753,4033543.984406624,0.4259122825479269,0.20208433579900079,0.3803511717557334,39.47909628361815,-0.3422516069709252,49.61491506733
13,36,20.0,4929624.109362526,-29480.980865250556,4033554.604532582,0.6640831134710263,0.3150512448837263,0.593231093043284,39.479214956569535,-0.34264593105324975,50.32326036132872
13,36,25.0,4929619.816812458,-29498.253649069335,4033560.196154809,0.5561873950259166,0.263830704790225,0.49700361717723546,39.47927781937087,-0.3428469796179169,50.64499250985682
13,36,35.0,4929613.921152981,-29519.311332704652,4033565.6260799626,0.42120090050945785,0.19974789699053466,0.3766188547701303,39.47934860813233,-0.3430921295318518,49.644120497629046
13,36,40.0,4929614.176057783,-29522.060217333088,4033566.5880790525,0.4699083501779652,0.22281755169155348,0.42030381862807636,39.47935374200598,-0.34312406030376796,50.465210975147784
13,36,45.0,4929614.35856185,-29522.637429479328,4033565.7923241644,0.7449972991084102,0.3532104509931019,0.6665649169337758,39.479347144980245,-0.343130756165012,50.10280196927488
13,36,50.0,4929614.853178023,-29522.099889908983,4033566.8308533486,0.2768669673666132,0.13124776777831593,0.24779733689167854,39.47935155088645,-0.3431244742628723,51.142378707416356
13,36,55.0,4929612.348565809,-29528.5878251261,4033566.9463327723,0.302683430799832,0.14346658034227452,0.2709892903578928,39.479366473866655,-0.3432000537036103,49.312633774243295
13,37,0.0,4929608.366770314,-29544.278091381224,4033572.4229441024,0.36215912608343914,0.17163359201542455,0.3243404624749409,39.479426810923265,-0.34338268895907215,49.79392134398222
13,37,5.0,4929603.814624356,-29565.286245962347,4033578.6984409876,0.3765005508283348,0.17840566012331888,0.3372917785374472,39.47949578505672,-0.3436271707602252,50.36758411023766
13,37,10.0,4929602.436123054,-29572.517537418717,4033581.2154582865,0.14873104281367938,0.07046670495097267,0.13328468903499258,39.47952092905622,-0.3437113116740434,50.93740784190595
13,37,15.0,4929602.465427078,-29572.796286600165,4033581.653159379,0.5629784754006155,0.2666936673435221,0.5046718057533782,39.47952379457703,-0.34371454936006784,51.23960788547993
13,37,20.0,4929602.271378989,-29572.86597539772,4033581.196844172,1.0580605572082131,0.5011518328814126,0.9487822578871951,39.479521731092106,-0.3437153728394512,50.80003057420254
13,37,25.0,4929602.353151333,-29572.773445495353,4033581.1232809853,0.42846044952888573,0.20291153829508285,0.38433125513090755,39.47952075458631,-0.3437142917202347,50.81594548653811
13,37,30.0,4929602.7830942795,-29572.502448064643,4033581.727780607,0.5136740225159384,0.2432316767624252,0.46091586211492624,39.47952250430934,-0.3437111121082144,51.5308793047443
13,37,35.0,4929602.683572027,-29572.792875122203,4033581.0438268213,0.3066289603814211,0.14517155903570256,0.27522410856076723,39.47951830938819,-0.34371449450087,51.02054955717176
13,37,40.0,4929601.334871959,-29574.974400865216,4033581.835056274,0.6022626695526888,0.28509491597600795,0.5407526466746685,39.479531458456684,-0.3437399430650981,50.492738702334464
13,37,45.0,4929600.564909855,-29574.603862537995,4033582.1013541073,0.7575454952557408,0.35854749130368074,0.6803947599089832,39.4795377317068,-0.34373569021387307,50.0660498496145
13,37,50.0,4929600.724726309,-29574.622435063582,4033581.7334076543,0.7777096502851325,0.36803508971985,0.6987300419460233,39.47953425790341,-0.3437358949273554,49.955546929501
13,37,55.0,4929600.557958868,-29574.762571936353,4033581.654971825,0.7227438504337074,0.34197095273027167,0.6495553437399441,39.479534662800354,-0.3437375352803339,49.77760871872306
13,38,0.0,4929599.828031326,-29581.81578878342,4033584.5812458056,0.9332796837504763,0.44151869293801344,0.8390417634137205,39.479558943918256,-0.3438195613920769,51.10742049384862
13,38,5.0,4929596.707421693,-29593.123631803843,4033586.5377179063,0.5224321849630977,0.24711493861838996,0.46983122496707014,39.47959002696763,-0.3439512032445449,49.99513272102922
13,38,10.0,4929597.139688418,-29593.871848209114,4033587.918765848,0.4828377364594775,0.22835013954619135,0.43436355863471043,39.479597126918875,-0.34395986914988624,51.21031403914094
13,38,15.0,4929595.865561573,-29594.884087705406,4033587.6628101193,0.4229441792729221,0.19999235755486658,0.3806059640886472,39.47960260904805,-0.343971722697392,50.068848500959575
13,38,20.0,4929594.9909209255,-29599.570981020952,4033588.647412239,0.17699897676230084,0.08368174593449541,0.15933229372569696,39.47961430153466,-0.34402625666438286,50.04150154720992
13,38,25.0,4929591.120448603,-29618.786622887055,4033593.6902195932,0.1750352868260083,0.08273983903969126,0.15761567469301171,39.479670862668925,-0.3442498587738143,50.349449631758034
13,38,30.0,4929582.2742482005,-29653.412068937785,4033604.057791563,0.7542991858841626,0.3565013770694607,0.6794513843370357,39.479792404219246,-0.34465290822933514,50.27406209241599
13,38,35.0,4929572.078192815,-29696.171117390717,4033616.9718507887,0.7413226848187406,0.3503101806885246,0.6679795427513882,39.479939097002166,-0.34515058596151005,50.81391764152795
13,38,40.0,4929561.096085555,-29742.493210222805,4033630.277035567,0.3641948679116442,0.17207053583645437,0.3282698200837211,39.48009288501767,-0.3456897322044811,51.01267544180155
13,38,45.0,4929547.580245468,-29796.9080798335,4033645.456181353,0.36660291798776884,0.17317898296906764,0.33054795736489584,39.480273927820356,-0.34632311707290464,50.48544417694211
13,38,50.0,4929533.444087079,-29853.83210450248,4033662.3786117053,0.5045069601937315,0.2382825917461822,0.4550375706041941,39.48047055170713,-0.3469857117330619,50.60009740199894
13,38,55.0,4929519.802159148,-29912.828418940455,4033678.9679653435,0.4896164578200819,0.2312098685598371,0.44175122186139176,39.480661953985305,-0.3476723605713812,50.8947229757905
13,39,0.0,4929506.113900891,-29971.195049221555,4033695.8790885676,0.6460880834455055,0.30504686366216505,0.5831163593295515,39.48085587633409,-0.3483516978192837,51.3558399323374
13,39,5.0,4929492.613562785,-30025.490284814197,4033711.700853258,0.5779496800675469,0.27695320953496755,0.46010366457528,39.481041287465935,-0.3489837051351627,51.25082463957369
13,39,10.0,4929481.677963898,-30074.46508611546,4033726.2606087183,0.45762179422370514,0.21927848776284803,0.36432489045013494,39.481203420204324,-0.3495536963798156,52.29838019236922
13,39,15.0,4929474.0898032,-30099.52218095049,4033732.8724416983,0.546845149062144,0.26201486905431065,0.4353746123969101,39.481291964193545,-0.3498454647669165,50.763709989376366
13,39,20.0,4929473.584339797,-30102.449152361332,4033733.7567052734,0.5748888876958619,0.2754337246722055,0.45771949967736236,39.48130090375659,-0.34987951986072197,50.9496171111241
13,39,25.0,4929473.93424551,-30102.145040747306,4033733.800653987,0.5850690039889392,0.28029247395147444,0.46584303491079526,39.48129921609738,-0.34987596043748914,51.246190970763564
13,39,30.0,4929474.188429224,-30102.010756675194,4033734.194328935,0.35310824551092806,0.16915424230546938,0.2811626687157083,39.48130050191518,-0.3498743816576932,51.69205047842115
13,39,35.0,4929474.063590703,-30102.42371392433,4033733.853954794,0.6015670258764471,0.2881570774516935,0.47901748540416955,39.48129883616455,-0.349879190183232,51.381225381046534
13,39,40.0,4929473.9809951205,-30102.252533931984,4033734.09181098,0.596383574713778,0.28565426161051793,0.4749094595942375,39.481300968692516,-0.34987720647713055,51.467905070632696
13,39,45.0,4929474.174343868,-30102.354406698538,4033734.2238821676,0.7882073095207681,0.3775068235842977,0.6276877764763881,39.48130077601,-0.34987837678760925,51.70158955268562
13,39,50.0,4929475.023304564,-30102.705210549953,4033734.4177791504,0.9608070470367494,0.4601393720760877,0.7651696322721575,39.48129724990727,-0.3498823938086748,52.481770718470216
13,39,55.0,4929473.971223169,-30102.048884703916,4033734.0599595774,0.5784018611140616,0.27698181462699595,0.46064863134866296,39.481300810349815,-0.3498748402231762,51.43915111385286
13,40,0.0,4929474.027932854,-30102.298093399964,4033734.1388475657,1.0801733639534363,0.5172291155587582,0.8603048988290836,39.48130102528996,-0.34987773266833155,51.53425427805632
13,40,5.0,4929472.668965917,-30108.793956725898,4033736.1495896084,0.6424184306182822,0.3075919799526344,0.5116771628448274,39.48132255890514,-0.3499533284078512,51.79448219947517
13,40,10.0,4929466.218705558,-30133.432262593004,4033742.861924991,0.7242849668992909,0.3467637388153938,0.5769085177670084,39.481405298788694,-0.35024014961846806,51.200144197791815
13,40,15.0,4929451.461215438,-30159.92850186095,4033763.2232311415,0.4020002920270359,0.192449662524128,0.3202163034293143,39.481630431578985,-0.3505491565038781,52.88146789651364
13,40,20.0,4929428.222903238,-30187.020400283134,4033791.935016241,0.22217353225810696,0.10635283191112731,0.17698200979226794,39.4819621612429,-0.3508656920488333,53.32974775414914
13,40,25.0,4929402.642284718,-30221.60625753323,4033821.66767003,0.47280620098775933,0.22631088246351563,0.3766517277137123,39.48231413775851,-0.35126949846026917,52.6551146954298
13,40,30.0,4929365.608649137,-30233.99025378324,4033865.5076145153,0.37143458364140974,0.177774373696824,0.29590959783924725,39.48283055304439,-0.3514160756379151,52.00637910421938
13,40,35.0,4929326.300415326,-30244.504566993204,4033914.841537236,0.386385488494896,0.18491477904088663,0.3078347315702771,39.48339825260321,-0.3515410858852718,53.087177968584
13,40,40.0,4929286.375839226,-30256.099105064575,4033961.1701320405,0.44387456579552953,0.2124098251575447,0.3536530414882098,39.48394855188557,-0.3516786976618782,51.787076762877405
13,40,45.0,4929246.546406651,-30267.513239139153,4034010.0117376396,0.29217123220622593,0.13980246693064716,0.23279579742243384,39.484515781858995,-0.3518142080013116,52.158106478862464
13,40,50.0,4929203.069859546,-30280.295475357085,4034061.593279946,0.4946922067703392,0.23668730314936642,0.39417900210087,39.485122897703405,-0.3519658827924114,51.463778152130544
13,40,55.0,4929160.632144322,-30293.32281449297,4034114.388599874,0.624436719658364,0.29873793477334365,0.4975856119579033,39.48573249256489,-0.3521203349762386,52.344915117137134
13,41,0.0,4929117.230171939,-30306.22991119275,4034166.3499914207,0.318030268392778,0.1521359825856962,0.25343640771698966,39.48634181694302,-0.3522734610879768,51.95176232419908
13,41,5.0,4929073.859511485,-30318.414853551174,4034217.7128821677,0.24278742013324206,0.11613168399656663,0.1934853580952525,39.48694682689503,-0.3524181936151561,51.199505045078695
13,41,10.0,4929034.198048541,-30329.932649671606,4034267.4527238053,0.4874835191186023,0.23315520330574116,0.3885111526976119,39.487519333721465,-0.35255490867374584,52.27526641450822
13,41,15.0,4928999.28368026,-30328.817482732444,4034310.336025342,0.49988117608435273,0.2390628184240224,0.3984117520222409,39.488017435352624,-0.35254444346249836,52.59502497501671
13,41,20.0,4928972.417734871,-30346.69796394193,4034341.842269944,0.2074259705014257,0.09919011293289041,0.1653296531465729,39.4883896858778,-0.3527542049325189,51.98183915019035
13,41,25.0,4928949.375208074,-30381.004190256273,4034370.5722424136,0.49075423292781317,0.23465461971589407,0.39117791141601366,39.48872015909202,-0.35315462607317194,52.63224626518786
13,41,30.0,4928914.078762262,-30411.11042193659,4034412.867598693,0.44943108766268647,0.21487563690752293,0.35825811309208294,39.48921525939418,-0.3535071092314041,52.43298746459186
13,41,35.0,4928879.259188144,-30442.118505705716,4034455.7830926254,0.22719741311126593,0.10861404563651411,0.18111698209521793,39.48971190588202,-0.35387004635986474,53.00102961808443
13,41,40.0,4928843.42774607,-30473.672239156596,4034497.7611863823,0.1786709266513981,0.0854072107013226,0.1424402537271226,39.49020781175619,-0.354239404019194,52.195292356424034
13,41,45.0,4928808.209211392,-30505.281305165867,4034539.807361557,0.4374079010437511,0.20906668409529564,0.348729537116841,39.49070067715296,-0.35460936612240346,51.90673919208348
13,41,50.0,4928773.99286395,-30536.494175921922,4034583.0534619293,0.3220747868314737,0.15392600973220963,0.2567924781978934,39.4911961554682,-0.3549746558105402,53.153420456685126
13,41,55.0,4928739.028208604,-30567.91488708898,4034626.23674624,0.19431573766537177,0.09285810759683957,0.15493773063969682,39.49169547469023,-0.35534242050752973,53.78430722095072
13,42,0.0,4928703.298875718,-30598.72563607692,4034668.6620262004,0.40873815310184447,0.19530487578485203,0.3259254051331343,39.49219392571667,-0.3557031550913966,53.34074227511883
13,42,5.0,4928668.445541957,-30629.674909493573,4034711.19106632,0.4653864123530268,0.22235002409641902,0.3711169185626164,39.49268807410969,-0.3560654418781931,53.64046372752637
13,42,10.0,4928634.407343052,-30660.26308835113,4034753.4389370377,0.3338586704584201,0.15949285358650553,0.26624650994096644,39.49317561062205,-0.3564234772217743,54.389284706674516
13,42,15.0,4928600.848415093,-30690.123000453415,4034794.1184803606,0.1710999473568946,0.08173028913715831,0.13645691084670736,39.49364952568858,-0.3567730168991738,54.50761420279741
13,42,20.0,4928567.148804618,-30706.268460836032,4034835.790096305,0.36383286721938923,0.17377568128886176,0.29018306197745597,39.49413163051541,-0.3569631438921829,55.08296644408256
13,42,25.0,4928534.11482713,-30724.528116930727,4034875.965631175,0.42242414116964494,0.20173871671079532,0.33693298933359755,39.49459944794423,-0.35717780248632275,55.231113876216114
13,42,30.0,4928523.5611585835,-30772.23181505445,4034888.8139563706,0.4481543442248275,0.214004018153321,0.35747675596399,39.49474750016762,-0.3577331176008891,55.48845768440515
13,42,35.0,4928522.838862447,-30826.621599057955,4034889.452209095,0.4772457863298024,0.2278714948746784,0.38070454483158656,39.49475412686176,-0.35836544535118375,55.59930360596627
13,42,40.0,4928508.8288250845,-30883.313973668468,4034905.151727508,0.31935553832542063,0.15246676505685663,0.2547687593495105,39.494941467243,-0.3590255085031221,55.04713917057961
13,42,45.0,4928493.901411489,-30944.182943581567,4034923.012709832,0.2455221713955323,0.1148053335416845,0.22488206467624378,39.49514893190839,-0.3597341949951993,55.18259469233453
13,42,50.0,4928478.284921439,-31004.868815288653,4034940.2732949425,0.37649125016928126,0.17600126712763897,0.3449544466239223,39.49535617314635,-0.3604408075493764,54.404231262393296
13,42,55.0,4928463.907738549,-31065.329387336667,4034957.7592184884,0.35805505788697384,0.16733990058576054,0.3281703852643051,39.495557885156344,-0.36114471454691793,54.72507501486689
13,43,0.0,4928449.397636346,-31125.296508723928,4034975.895089985,0.6195202766391951,0.29563963786642355,0.4943471431495179,39.49576488953469,-0.3618428989100417,55.35497949831188
13,43,10.0,4928419.901327554,-31245.265598910977,4035010.258937569,0.7509448454702132,0.3506867055001748,0.6889463791352967,39.496168351170006,-0.36323971984188685,55.036043180152774
13,43,15.0,4928405.458933024,-31305.51427141178,4035027.3689017775,0.35476233421205067,0.16562823473346266,0.3255797495168298,39.49636781438929,-0.3639411843592368,55.069006578065455
13,43,20.0,4928391.2617196,-31365.316675638227,4035045.214479693,0.3983604098895799,0.19001224488942972,0.3179508955794504,39.49657099783206,-0.3646374467875476,55.757492657750845
13,43,25.0,4928375.179141192,-31425.169470754983,4035061.5111995135,0.25318870767939944,0.12075302459077514,0.20209493551971003,39.496774210708715,-0.3653344386805897,54.0069087697193
13,43,30.0,4928361.291058134,-31484.436494716756,4035079.6613970217,0.47603946538915265,0.22700970651497732,0.37999811390651395,39.49697775167198,-0.36602446229560454,55.12632704898715
13,43,35.0,4928347.955222676,-31544.154471940397,4035097.6587548465,0.6751142016087028,0.3219037215325677,0.5389435384295416,39.49717704603129,-0.3667196910608494,56.57752861082554
13,43,40.0,4928332.512854344,-31603.208978932045,4035113.8227384747,0.44695765507417895,0.2130894086546528,0.356828940382907,39.49737568578101,-0.3674073674704448,55.23449898697436
13,43,45.0,4928318.465106661,-31660.84503386447,4035130.6357412837,0.4412989320885032,0.21036553153039964,0.3523338598661498,39.49757089521274,-0.3680784539245331,55.37400666158646
13,43,50.0,4928305.765073364,-31714.05845599803,4035146.0553638292,0.2306722861741748,0.10994685338265923,0.18418101911552925,39.49774885891882,-0.36869802849805955,55.645832483656704
13,43,55.0,4928293.515376063,-31765.13872364241,4035161.657843453,0.5575941829045685,0.265736226307944,0.4452416294427117,39.49792558910511,-0.3692927736511471,56.371354499831796
13,44,0.0,4928283.277984791,-31809.008849346916,4035173.9017302045,0.17834967527454842,0.08306218344530289,0.16416153055259575,39.49806771217211,-0.3698035496827261,56.477947481907904
13,44,5.0,4928275.687232008,-31837.070747886446,4035182.0280526713,0.36575919207288377,0.170295659777684,0.3367719690664456,39.498166638632455,-0.3701303512713469,55.92929106578231
13,44,10.0,4928275.322852717,-31843.256804567824,4035184.6825192426,0.392753745798743,0.18281213468016133,0.36174493974588107,39.4981869459953,-0.3702022942913186,57.36734789982438
13,44,20.0,4928274.149585812,-31843.067045226606,4035184.6608754955,0.8212401852449873,0.3820366315699415,0.756893692524543,39.49819352394935,-0.3702001763853018,56.4473089594394
13,44,25.0,4928274.0041670175,-31843.712301374388,4035184.2300376743,1.012150028408723,0.4707101734681168,0.933148469275041,39.49819133875602,-0.3702076886995687,56.064280703663826
13,44,30.0,4928273.652690556,-31843.778019590696,4035183.5195428627,0.5531921205881544,0.2571921696206867,0.5101793842356667,39.49818841181635,-0.37020847910512944,55.34148612804711
13,44,35.0,4928273.353538172,-31843.853539653883,4035183.0780421463,0.7804859423020438,0.3627597537925359,0.7200339423015956,39.49818705430496,-0.37020937953122024,54.830209909938276
13,44,40.0,4928274.182550243,-31843.45800236742,4035183.967799009,0.8637185305408449,0.40132638305325774,0.7970782783438194,39.49818850366344,-0.37020471896046425,56.03386049903929
13,44,45.0,4928273.726045395,-31843.57599257391,4035183.8318965356,0.9391744116238102,0.436256957398013,0.8669933073302365,39.49819016996058,-0.3702061249404395,55.59575529862195
13,44,50.0,4928275.252699457,-31843.555646211847,4035184.5787963616,0.6819941182783359,0.3166989380726358,0.6297827766441613,39.4981866159371,-0.3702057737277186,57.24873226135969
13,45,0.0,4928274.353185789,-31843.565980869324,4035183.8077807594,0.9117981900721462,0.42315740079386444,0.8425387023785129,39.49818640999031,-0.3702059614411767,56.06428590603173
13,45,10.0,4928274.429108372,-31843.143968052493,4035183.575897226,0.7458735650891961,0.34594131952346224,0.6896629242666105,39.498184379049476,-0.37020104965096906,55.973275487311184
13,45,15.0,4928273.624447171,-31843.54867633884,4035183.3097521705,0.8023337188421228,0.3720129417641083,0.7421074593965143,39.49818712403296,-0.37020581500870275,55.185111090540886
13,45,20.0,4928274.848947392,-31842.805293430793,4035185.5091248685,0.928283834299865,0.4302776369721124,0.858879986273096,39.498195422607296,-0.3701970808713256,57.52518360875547
13,45,25.0,4928273.42678989,-31846.778065156614,4035183.8521702276,0.8314994243971968,0.385295679122786,0.7695795905946395,39.49819190669346,-0.370243372948381,55.393702077679336
13,45,30.0,4928267.591230572,-31870.719822935615,4035191.767326916,0.6803308903281439,0.31514898865300095,0.6298709371014201,39.49827946187414,-0.3705221453249579,56.04471736215055
13,45,35.0,4928258.07929582,-31909.932973977164,4035203.7786990413,0.7503967480088111,0.3474957698880981,0.6949635710188934,39.49841598030585,-0.37097873226310096,56.54075492825359
13,45,40.0,4928248.486395598,-31950.42895787834,4035215.0825017532,0.7165784319025633,0.3317297060756169,0.6638568397861577,39.498547995439786,-0.3714502405970017,56.5309567861259
13,45,45.0,4928238.160338497,-31994.516596218797,4035228.0070545278,0.25283856301774993,0.11701060140277195,0.23431143713579267,39.49869533953996,-0.3719635609192456,57.0046156514436
13,45,50.0,4928225.980496607,-32045.670937671388,4035243.8543677186,0.6672309611830921,0.3086871757850058,0.6185370363179806,39.49887335150511,-0.3725591777776384,57.94271483179182
13,45,55.0,4928212.55960698,-32104.269798517143,4035261.333478935,0.25965617470354774,0.12332529987368304,0.20767529574001878,39.499069533400466,-0.3732414383516597,58.99901776947081
13,46,0.0,4928199.617774706,-32164.36422079712,4035275.59127716,0.3497696836676837,0.16609930629012076,0.2797688461106789,39.49924052266571,-0.3739410530064231,58.38413992151618
13,46,5.0,4928191.432962901,-32224.160712561872,4035287.4421972996,0.3715980462924644,0.17643744642690395,0.29724993557469814,39.499367538639255,-0.3746368459762876,59.90802731085569
13,46,10.0,4928184.705481598,-32284.499518928656,4035295.1415984128,0.34178264968213146,0.16225517431049968,0.2734196008588153,39.49945732810673,-0.37533883491556735,59.919082928448915
13,46,15.0,4928182.346974818,-32351.750067879817,4035297.0305022933,0.9004342721843338,0.4158969129563056,0.8360592348934666,39.49948144108687,-0.37612084578059,59.640998147428036
13,46,20.0,4928182.063729596,-32420.81829615517,4035296.333648271,0.5098028011776483,0.24194240722559596,0.4078917976179316,39.49947562033686,-0.3769238302408088,59.32942289300263
13,46,25.0,4928185.738608226,-32488.190886942153,4035293.284310813,0.747038331045956,0.3544725236738993,0.597746991156162,39.49943083264629,-0.37770679841598115,60.56776654161513
13,46,30.0,4928192.190508688,-32554.07924503708,4035285.6493789544,0.2268555103099999,0.10762630996421868,0.18153306015149,39.49933831673876,-0.3784722968885509,61.02529274299741
13,46,35.0,4928202.108479654,-32612.38665053286,4035274.6573019396,0.6147841495491294,0.2916222514409329,0.4919953864697221,39.49920289436482,-0.3791493934399615,61.9839048134163
13,46,40.0,4928210.751016616,-32660.050071765905,4035264.5703904354,0.2283944342578753,0.10832076111985944,0.1827914362401832,39.49908146995643,-0.3797028430660257,62.48024224396795
13,46,45.0,4928216.808714795,-32697.237531454008,4035256.8738286286,0.4737176200706218,0.22463281486150058,0.3791593684511578,39.49899186231991,-0.3801347012482681,62.449229022488
13,46,50.0,4928221.906790168,-32728.21572103899,4035249.148192837,0.6647598488810772,0.3151703018614441,0.5321070069851717,39.498907784779796,-0.3804944462950974,61.627669386565685
13,46,55.0,4928225.336287464,-32749.703424931187,4035244.489284105,0.8090788551350875,0.3835283866655107,0.6476747533690858,39.49885494036671,-0.3807439875526332,61.42072361987084
13,47,0.0,4928227.078804457,-32751.634495486713,4035245.0794159207,0.4770988117409834,0.22612070594654923,0.3819497852240788,39.49884898572786,-0.38076630265126793,63.15054814890027
13,47,5.0,4928226.67371499,-32751.642218611792,4035245.6725443816,0.4517711535687185,0.21407957412409245,0.3616998073542769,39.49885542839239,-0.3807664237339302,63.21527943108231
13,47,10.0,4928226.939846211,-32751.89653605979,4035245.3039676705,0.5648230888126052,0.2676044895712623,0.4522453892611781,39.4988513324646,-0.38076935974767817,63.18749788682908
13,47,15.0,4928226.173383079,-32752.896924964338,4035244.567233153,0.7894429742234981,0.373960206344834,0.6321417182943035,39.49885056496288,-0.3807810490179477,62.13260008580983
13,47,20.0,4928229.263812461,-32769.514788551984,4035241.3658095333,0.8536740141917041,0.40431521510255525,0.6836250278565611,39.49880997752017,-0.38097400161423145,62.56617431528866
13,47,25.0,4928236.262791878,-32803.796609888916,4035234.1096074195,0.3036302537381685,0.14377925115482285,0.2431662958480014,39.498718144075376,-0.3813720041225649,63.52732837758958
13,47,30.0,4928243.825891575,-32849.01519081614,4035223.544868224,0.7861381579642993,0.36122880739937185,0.7334108501786398,39.49859966543312,-0.38189710692222245,62.87578462343663
13,47,35.0,4928254.367857085,-32901.82299730123,4035212.528463863,0.2991520726378517,0.13741031823604735,0.27917526914098373,39.498460689805746,-0.3825102051410929,64.27495917584747
13,47,45.0,4928274.308278107,-33014.14287220725,4035188.525260516,0.7743536842299005,0.366419731770197,0.6203384574855197,39.49817532815907,-0.3838144222761291,64.97373766731471
13,47,50.0,4928281.487943084,-33066.900561621675,4035181.9258111054,1.018855580436686,0.4820285606964224,0.8162717926188977,39.49808630455999,-0.38442719196291025,66.58909457549453
13,47,55.0,4928280.607357021,-33116.984158695836,4035183.2668519667,0.5757808531291618,0.2723561980396873,0.4613304122715893,39.49809874304609,-0.3850095021232503,67.02207772061229
13,48,0.0,4928289.798789825,-33156.31978123446,4035171.265215188,0.1994681174208405,0.0943350352633187,0.15983108443784583,39.497961159841395,-0.3854660752306694,66.68487584590912
13,48,5.0,4928309.669304887,-33164.99682280651,4035147.739055348,0.35763770266133726,0.1683307064037857,0.2874402610844945,39.49768348295851,-0.38556539451209876,67.09885046165437
13,48,10.0,4928316.286075498,-33159.217895995534,4035140.013952275,0.46726551446564446,0.22090213641478906,0.3744700520578914,39.49759210965827,-0.3854976950734794,67.26104162447155
13,48,15.0,4928316.012956698,-33158.64158432281,4035139.249752013,0.09355095509008662,0.044218253680990194,0.07497805668144501,39.49758838515076,-0.38549101663641916,66.5612355042249
13,48,20.0,4928316.8127041515,-33158.804744519024,4035139.690744075,0.500332707066772,0.23644433258815442,0.40103058219138826,39.49758686235173,-0.385492850869413,67.45968594867736
13,48,25.0,4928316.327542839,-33158.59583073432,4035139.554238204,0.23781772808301754,0.11236481135755814,0.19063186237426002,39.49758870098921,-0.3854904601308822,66.99741043802351
13,48,30.0,4928316.123001551,-33158.52843888282,4035139.47846916,0.31810928679938244,0.15027197651450963,0.25501182456833477,39.49758934872645,-0.38548969267858224,66.7910369951278
13,48,35.0,4928316.477353783,-33158.812562862375,4035139.4425184657,0.2663309618378089,0.1257877442609999,0.213519909479319,39.49758705794752,-0.38549296799035476,67.0430759890005
13,48,40.0,4928316.970611482,-33158.812971126594,4035140.060920424,0.5595109227191952,0.2642041974753786,0.44859875657283577,39.49758853022753,-0.3854929341550964,67.8170243948698
13,48,45.0,4928317.126311272,-33159.09617160214,4035139.397001616,0.48999014557049864,0.23133024732150428,0.39288880488633093,39.49758301300844,-0.3854962142683109,67.5163552314043
13,48,50.0,4928316.419271436,-33158.924788647324,4035139.7759997435,0.6663023443833971,0.31450661225290716,0.5343015934154214,39.4975897041095,-0.3854942771924984,67.21094967331737
13,48,55.0,4928316.45203778,-33159.1564629298,4035139.427811573,0.44473852902269384,0.20988240609932907,0.3566586377750429,39.49758708750358,-0.38549696791396487,67.01597248762846
13,49,0.0,4928318.619303423,-33156.21082526849,4035136.6310365405,0.4242531232136906,0.20017444769811277,0.34025612527514143,39.49755534742458,-0.38546255447017247,66.89413990080357
13,49,5.0,4928326.048306978,-33137.429731864184,4035125.6003905726,0.5847403945321378,0.2667644480158979,0.5487321673966168,39.497436847839246,-0.3852436379015237,65.5131658129394
13,49,10.0,4928328.044900166,-33108.69595732029,4035123.5919228205,0.4812548000860388,0.2194658953725574,0.4517559768059015,39.49741255713426,-0.3849094436708675,65.62731849402189
13,49,15.0,4928326.060465744,-33102.06733316018,4035127.505776531,0.2685029920176844,0.12660938722593715,0.21539154978864952,39.49745138236924,-0.3848325390094205,66.55108127836138
13,49,20.0,4928327.01176166,-33101.97142790429,4035127.9457772807,0.4158240280173246,0.19603629466319528,0.3335969639315601,39.497448994510954,-0.3848313498032038,67.56449768692255
13,49,25.0,4928326.552363005,-33101.957964791494,4035127.5566535876,0.8061842145516169,0.3799887644535952,0.6468145466688163,39.49744892227746,-0.3848312291620389,66.96243986301124
13,49,30.0,4928326.5271758735,-33101.599983485285,4035127.910148013,0.21844449411542294,0.10294057355609211,0.17527484207251232,39.497451537193065,-0.3848270694944302,67.16598719917238
13,49,35.0,4928326.280853796,-33101.867920253746,4035127.6877665003,0.6219558277439716,0.2930309538581016,0.49908099629325176,39.49745139238186,-0.3848302035689927,66.83586060348898
13,49,40.0,4928325.772518024,-33101.46338489078,4035127.923607335,0.2922908634326231,0.13768198356934105,0.23456312693545775,39.497455959161634,-0.3848255404222448,66.59151921700686
13,49,45.0,4928316.070039847,-33087.37496257283,4035139.082469683,0.778152168398046,0.366465753746382,0.6245134298124754,39.49758963941394,-0.38466251575413263,66.12928635347635
13,49,50.0,4928297.272493964,-33059.15655770856,4035162.1384709603,0.546949400864521,0.2486153937910501,0.5146590883305623,39.49785865234183,-0.38433593395326227,66.1430788654834
13,49,55.0,4928285.531190518,-33012.88903278895,4035175.744467866,0.43038378041533765,0.2025985389845175,0.34546030691442586,39.498022255165104,-0.38379897189899775,65.497917692177
13,50,0.0,4928275.113282579,-32958.6787557241,4035186.208423449,0.3177997248972669,0.1443351605267081,0.29921495922353253,39.498156740928906,-0.3831695665575592,63.83481161296368
13,50,5.0,4928263.875227765,-32896.26572094245,4035200.8506350885,0.3778352438881574,0.17778373032302433,0.3033260491369466,39.49832527480871,-0.38244486147066264,64.15470062941313
13,50,10.0,4928252.188691168,-32835.22884455925,4035213.097845205,0.38121028568533766,0.17298859718702037,0.3591289440468167,39.498479675402784,-0.3817361861775237,62.61290895100683
13,50,15.0,4928240.439440018,-32773.08857266326,4035224.791010661,0.2784008062454028,0.13093836097955905,0.2235335256526245,39.49863062241064,-0.38101468473368943,60.66528575960547
13,50,20.0,4928230.397489955,-32705.57348603384,4035239.1102532344,0.6117150479215594,0.2876392465413606,0.49119482678358223,39.49879023997528,-0.38023056295430924,61.67852134164423
13,50,25.0,4928218.496358046,-32637.427493030482,4035254.1164007415,0.47147688004223365,0.22164674443882257,0.3786146594140218,39.49896530109757,-0.37943924634417836,61.691629679873586
13,50,30.0,4928208.513301705,-32570.789131853526,4035266.8881493118,0.3628647709390647,0.1705482471471421,0.291416595016446,39.49911378223744,-0.37866530549341854,61.77200531773269
13,50,35.0,4928200.00333566,-32505.440733626612,4035275.3322040797,0.14206541142070958,0.06675623413445081,0.11410122995307277,39.499223692794565,-0.37790624501115483,60.24363529123366
13,50,40.0,4928196.405141122,-32438.946829928478,4035279.8762110523,0.6458738764714491,0.30342528923108353,0.5187788609433814,39.49927839731717,-0.3771334886937561,60.01943833939731
13,50,50.0,4928199.752033533,-32306.600261840176,4035275.7594624506,0.31955315780793137,0.14451121555532212,0.301747216991533,39.49923559243329,-0.37559462355748735,59.31260212510824
13,50,55.0,4928206.988149734,-32241.270535015454,4035267.0509394067,0.36487206675024264,0.16493355626348843,0.34464087802801724,39.49913606424405,-0.37483457535396875,59.02678345143795
13,51,0.0,4928216.615941082,-32176.78909905648,4035254.372694953,0.588190305389913,0.27607033973714445,0.4725888142837882,39.49899520807536,-0.37408420958295774,58.06638818979263
13,51,5.0,4928230.180458635,-32113.840325533478,4035238.244731892,0.12016354931902777,0.05638622007839597,0.09655421780261642,39.49880776122416,-0.3733513664320661,57.95781459566206
13,51,10.0,4928246.005506184,-32054.01623875228,4035221.0566986953,0.6142648482782647,0.288173329568893,0.4936136175713546,39.4985998756176,-0.372654682348202,58.93562331609428
13,51,15.0,4928257.047150583,-32001.44586187069,4035205.7029114305,0.5175633311337886,0.24274983577618217,0.41593730967647924,39.498431867335974,-0.37204269151832353,57.42610545177013
13,51,20.0,4928263.701831625,-31973.78061204785,4035197.530788884,0.6414187657194119,0.300769661652602,0.5155122035104652,39.498337975736746,-0.37172056771757106,57.22454326134175
13,51,25.0,4928264.150893141,-31972.801386170744,4035196.730649237,0.47435231876673584,0.22237701204466395,0.38126874552783874,39.49832987850198,-0.37170914989021464,57.05721561424434
13,51,30.0,4928263.651588859,-31972.88606495127,4035196.590044601,0.8661679994378494,0.4059634547425053,0.6962499282145335,39.49833175853596,-0.3717101719790593,56.58293053135276
13,51,35.0,4928264.431808234,-31972.576961763953,4035197.65270449,0.5716170076767475,0.26784611721353274,0.45951638531544525,39.498334685931596,-0.37170651966488777,57.859332327730954
13,51,40.0,4928265.109090961,-31972.684273771425,4035198.1927571506,0.6390485836317975,0.2993704705727625,0.5137626678842526,39.498334555372544,-0.37170771613522224,58.725982680916786
13,51,45.0,4928264.646837387,-31972.70891874493,4035197.513467386,0.4836197102624165,0.2265027028095681,0.38883507119232974,39.498332481461745,-0.371708037508373,57.93735260795802
13,51,50.0,4928265.035257101,-31972.405491615955,4035197.8934198483,0.5379752661199112,0.2518984406845253,0.43257008965677984,39.49833290828374,-0.3717044807319525,58.47721968963742
13,51,55.0,4928264.689833653,-31972.563078180174,4035197.804917966,0.4544120177924295,0.2127189609556625,0.36540685428081565,39.498334266180045,-0.37170633880116155,58.15517842583358
13,52,0.0,4928265.245698813,-31972.04958731939,4035198.0783660207,0.9108183605544491,0.4262661614773042,0.7324725148264027,39.49833300133551,-0.3717003273078159,58.75545660685748
13,52,5.0,4928264.486330235,-31972.413250262325,4035197.3174001714,0.655177888239626,0.3065493859376367,0.5269281753742542,39.49833204927005,-0.3717046123303752,57.6873111827299
13,52,10.0,4928265.4606859125,-31972.27218138,4035197.8517622254,0.6942175274280216,0.3247344799727541,0.5583678072283549,39.49833018653032,-0.3717028988525173,58.77832807414234
13,52,15.0,4928264.838853685,-31972.147154374474,4035197.4186165244,0.4920200792799311,0.23009474624056075,0.3957675447457634,39.498330743099245,-0.37170149225442906,58.022374926134944
13,52,20.0,4928265.279425495,-31971.846817645393,4035197.751158969,0.5549103133686734,0.2594401504766656,0.4463881606060832,39.49833054153424,-0.37169796747270173,58.57234404794872
13,52,25.0,4928265.4229819365,-31971.924341730002,4035197.902196747,0.9757863320540616,0.4560989741136411,0.7850134163713187,39.49833076598068,-0.3716988578991312,58.779572579078376
13,52,30.0,4928265.29283178,-31971.684118055426,4035198.230657559,0.7215295627264268,0.3371692160562522,0.5805089312523348,39.49833380334723,-0.371696075003463,58.8868620833382
13,52,35.0,4928265.287546993,-31971.46438907912,4035196.648626166,1.089771844958031,0.5091177825891356,0.876844856410412,39.4983228464959,-0.37169352095084185,57.8754241745919
13,52,40.0,4928269.035267013,-31953.79256474665,4035191.5910604973,0.6312370442360627,0.294824405338376,0.507939514606631,39.49826688261447,-0.37148779530559367,57.46193831693381
13,52,45.0,4928274.40989454,-31929.763705483256,4035184.090551053,0.3676990926684742,0.16454827603574856,0.3494809399907341,39.498184855414806,-0.3712080440522116,56.71824766229838
13,52,50.0,4928277.394305862,-31916.254515761397,4035179.9610523656,0.3549543956847604,0.15876908930569106,0.3374604666345192,39.49813955921982,-0.37105076904006523,56.32700122054666
13,52,55.0,4928277.439771276,-31913.316499571072,4035179.0539555247,0.8611954649525562,0.3850233229056995,0.8189759531422687,39.498133103312874,-0.371016609896173,55.7704407479614
13,53,0.0,4928283.869610656,-31891.63664598154,4035174.2406256692,0.7430788179795833,0.3320559429981528,0.7068431356620486,39.49806361910493,-0.37076408840899855,57.562072206288576
13,53,5.0,4928292.401799542,-31854.4349140095,4035162.297934352,0.3555744773522682,0.1588170737817019,0.338327419081878,39.4979331153739,-0.3703309614251639,56.36395476292819
13,53,15.0,4928311.230124014,-31777.498818247215,4035139.941116882,0.43020226313172655,0.1919629918272577,0.4095577988327078,39.4976727151641,-0.36943513683491275,56.28923036251217
13,53,20.0,4928322.135650729,-31734.677952999165,4035127.60035744,0.5014952925553628,0.22366583401723666,0.4775587731027253,39.49752605093854,-0.36893651241540754,56.64211958181113
13,53,25.0,4928335.16913561,-31681.048501288704,4035111.641698638,0.5659734188300664,0.263716244608485,0.45572683735594083,39.49734244719061,-0.3683120779271133,56.28258975222707
13,53,30.0,4928349.166269283,-31621.84360889106,4035094.7413062654,0.39994280092082996,0.18630370245262956,0.3220611352624549,39.497146979360345,-0.36762275872338857,56.04058016464114
13,53,35.0,4928363.580903525,-31559.30647080583,4035077.789604945,0.43506858393457987,0.20261123434653325,0.35037245674720896,39.49694888136085,-0.3668946740755691,56.072255429811776
13,53,40.0,4928375.328333417,-31494.064386648744,4035063.126778392,0.6752944200570716,0.31439854777159293,0.5438724546183876,39.49678206543275,-0.36613534614095766,55.488951524719596
13,53,45.0,4928388.3088031085,-31427.184792568096,4035047.7440887326,0.4676076210650267,0.21764565598320632,0.37663190476623587,39.496603237521775,-0.36535689392250725,55.39192626345903
13,53,50.0,4928403.601301324,-31365.57492006086,4035029.8387735686,0.6623308099166656,0.30819388277749715,0.5335094602387057,39.496393434700245,-0.3646395359760504,55.50115119945258
13,53,55.0,4928418.083819384,-31306.24509316836,4035012.4971208195,0.5063419616140343,0.23554456316210973,0.40788962441239973,39.49619210211345,-0.36394874798708005,55.35571541637182
13,54,0.0,4928433.693347593,-31243.711858745584,4034994.8948927205,0.5636093605485025,0.2621120149870657,0.4540549828298329,39.49598261458549,-0.36322064099102347,55.899168752133846
13,54,10.0,4928463.0576330805,-31117.997860597505,4034956.937174678,0.7356692804290121,0.32647762110218936,0.70242253401725,39.495555138053625,-0.36175704908305595,53.802643162198365
13,54,15.0,4928479.292543905,-31055.140845597034,4034939.8620276847,0.6606241206925648,0.3069719373104249,0.5323273747772682,39.49534572944823,-0.3610251455652104,55.164444581605494
13,54,20.0,4928495.086522723,-30993.847212190543,4034922.0589205613,0.5919714253315631,0.2749935214293705,0.47704172276051027,39.495133726191305,-0.36031145321894276,55.7312951637432
13,54,25.0,4928508.690917396,-30931.771721977424,4034902.8768557147,0.782786169542582,0.36353126961281806,0.6308555342789159,39.494924705050245,-0.35958883606568753,53.72837857156992
13,54,30.0,4928524.392403333,-30870.24266589255,4034885.8649019487,0.15603569346311758,0.0724434276883033,0.12575979545175103,39.49471873012539,-0.3588724223276669,54.72725713066757
13,54,35.0,4928544.092342684,-30825.140888448845,4034863.787883015,0.3302841574612183,0.15329886168821266,0.26621762591130965,39.49445405330374,-0.35834668697905414,55.670163348317146
13,54,40.0,4928573.098115546,-30805.599394302597,4034827.7411558316,0.2170334601688437,0.10070569628293063,0.17494730404409498,39.49403805603515,-0.35811741266352476,55.03311713878065
13,54,45.0,4928588.422129489,-30763.91825519097,4034808.7107417756,0.5409461495966343,0.2509322084596342,0.43607939009210245,39.493819495556856,-0.3576317669500622,54.55412509664893
13,54,50.0,4928601.919074813,-30714.68609107217,4034792.8178731822,0.40277949318633355,0.18678590536121975,0.3247204792519798,39.49363347623362,-0.3570584781441631,54.624722603708506
13,54,55.0,4928633.277476367,-30684.260005963908,4034755.3037604378,0.4479266268862391,0.20766254000764514,0.36114405368732017,39.493194188947186,-0.3567025143251966,54.8186286855489
13,55,0.0,4928668.247701072,-30653.094752956466,4034712.809633153,0.28473208634981967,0.13196592293439363,0.22958381852502607,39.49269962349658,-0.35633770138127696,54.62952612526715
13,55,5.0,4928705.277504389,-30619.809033298865,4034667.2921444043,0.42592014259879746,0.19734548558490436,0.34345060628251545,39.49217232034889,-0.35594809554429746,54.09747853409499
13,55,10.0,4928742.541702572,-30586.08638453507,4034621.7339119804,0.39939977467177806,0.18500349796155252,0.3220884026119165,39.49164340548135,-0.35555339959019383,53.71902469545603
13,55,15.0,4928780.112353732,-30552.451747475407,4034576.176482548,0.5337595323528616,0.24716693003924745,0.43047110160445057,39.49111273628295,-0.3551597105624299,53.57871747110039
13,55,20.0,4928816.815803561,-30519.486621752512,4034531.500046903,0.7696025890883054,0.3562733174076606,0.6207201750365845,39.490593132833695,-0.3547738724586092,53.33337237872183
13,55,25.0,4928853.52128296,-30486.734327687038,4034487.3259386495,0.641832734468451,0.29703674631043714,0.5177046888436123,39.49007700050546,-0.35439051390393583,53.41075750347227
13,55,30.0,4928889.623886859,-30454.505986213906,4034442.5359347714,0.1339655292573579,0.061980118226917506,0.10806476322997605,39.48956002035211,-0.35401329477043425,52.63440173957497
13,55,35.0,4928927.431868403,-30421.47616302562,4034396.9895678135,0.5073782631319994,0.23467224355418237,0.40931121738074255,39.489028041778994,-0.3536266423975944,52.69001055229455
13,55,40.0,4928961.579838403,-30394.995557808707,4034357.437639326,0.23522072155242485,0.10876155410787114,0.18977016831285193,39.48855846167432,-0.3533163854652583,53.76494357082993
13,55,45.0,4928989.161458987,-30401.95772336515,4034322.536343111,0.5308971157483782,0.24540295783861965,0.428344520485696,39.48815763642741,-0.3533953352715196,52.889414499513805
13,55,50.0,4929012.258928629,-30384.945072642633,4034293.7840873296,0.6263804439722279,0.2894518588886529,0.5054185817502967,39.48782608396748,-0.3531959285135313,52.349737078882754
13,55,55.0,4929031.807534523,-30352.145554607985,4034269.034698872,1.015523935369301,0.4691333233931217,0.819470059911943,39.487543238861115,-0.35281327589413336,51.541908986866474
13,56,0.0,4929068.033519736,-30340.071149168874,4034226.6800819,0.5503360801528836,0.25415707240361324,0.4441209204989407,39.48704176498052,-0.3526703346866899,52.50837975554168
13,56,5.0,4929109.461753779,-30327.965376701948,4034175.487579918,0.7789942495363811,0.3596468138469189,0.6286919231120156,39.48644906206796,-0.3525266589278012,51.87012095190585
13,56,10.0,4929153.128745225,-30314.95006450351,4034122.759465528,0.7258654845493548,0.33501588219054457,0.5858549538704673,39.4858328942101,-0.35237225357440954,51.979572128504515
13,56,15.0,4929195.839909307,-30302.238979440244,4034070.173133487,0.4717317057997723,0.21765621768918111,0.3807669512993814,39.48522317520672,-0.35222145537790606,51.44370370171964
13,56,20.0,4929235.944419794,-30290.12569734549,4034022.2338630245,0.6702274884055905,0.309146575756727,0.5410238974793191,39.48466066753369,-0.35207779436347253,51.85458567459136
13,56,25.0,4929270.449250663,-30280.08614502415,4033979.6489775926,0.8158559295456929,0.376202094141567,0.6586239178199782,39.48416737784575,-0.3519586387300953,51.35884418711066
13,56,30.0,4929301.38715667,-30271.596067561597,4033942.388724146,0.9535288623074016,0.43954819593746886,0.7698169616695387,39.48373147599793,-0.3518577490083074,51.50372791662812
13,56,35.0,4929337.638844346,-30260.939270498162,4033899.1414042576,0.60444119079637,0.2785423624695084,0.48801966163090554,39.48322359840109,-0.35173129761894284,51.93298735097051
13,56,40.0,4929375.185419133,-30249.65585049468,4033854.54324113,0.262361902471618,0.12086541290357485,0.2118427464270547,39.482698936362695,-0.35159747255191554,52.50026639085263
13,56,45.0,4929402.910692603,-30244.09520174934,4033822.251496328,0.5984016337728265,0.2755861352946896,0.4832087669933387,39.48231586933425,-0.3515308645657839,53.33994779270142
13,56,50.0,4929409.12119799,-30247.778462698116,4033812.594847835,0.7110783809032999,0.32737415200622194,0.5742329356352216,39.48221304273192,-0.35157323155698533,52.01062448229641
13,56,55.0,4929411.453602303,-30249.585495365936,4033810.3105864935,0.9041137072843154,0.41611332160892933,0.7301666861252611,39.48218374229921,-0.35159406801128806,52.36692904960364
13,57,0.0,4929411.069523967,-30249.412036708196,4033810.279498082,1.0084348371573184,0.4639780873938149,0.8144697391832666,39.482185731832715,-0.3515920793277806,52.049905655905604
13,57,5.0,4929411.8956805905,-30249.159596769532,4033810.6023352924,0.6533303228579034,0.3004989918446388,0.5277010759754961,39.482183253718276,-0.3515890863416845,52.89161642640829
13,57,10.0,4929411.559084276,-30249.02701256299,4033809.909955058,1.1008638276786005,0.5061787020251579,0.8892352999330991,39.482180372757306,-0.35158756934747304,52.190958998166025
13,57,15.0,4929418.322381376,-30257.342415171694,4033802.2228613375,0.6178388386351596,0.28399146965493827,0.4990985632912697,39.482087909398075,-0.35168373519647567,52.562573501840234
13,57,20.0,4929431.362970172,-30275.095678453334,4033785.9805884883,0.807633563825596,0.37111118818730193,0.6524595537319056,39.48189969151286,-0.35188914685380823,52.38414209894836
13,57,25.0,4929447.765975286,-30286.471415069456,4033766.224880824,0.8010301659651625,0.35477171004494246,0.6511046186732362,39.4816680171396,-0.35202019301549126,52.53678733482957
13,57,30.0,4929468.230532091,-30284.99969065789,4033740.9756928612,0.10792390647109891,0.047771385989657376,0.08773199306501028,39.48137534550884,-0.35200162627233283,52.27048853877932
13,57,35.0,4929478.950801661,-30276.283644802876,4033729.535632627,0.6427965361075791,0.2950793219169499,0.5193933927806584,39.481234730504475,-0.3518995572178217,53.229364349506795
13,57,40.0,4929478.906258418,-30276.534905851942,4033729.475527508,0.3986377734416121,0.18293666743016407,0.3221280561408642,39.481234558912405,-0.3519024807172923,53.15795977972448
13,57,45.0,4929478.580815519,-30276.606990320113,4033728.8792221355,0.5429945965859889,0.24910038109095897,0.43880614287143815,39.48123227467694,-0.351903341761967,52.527972569689155
13,57,50.0,4929478.796950272,-30276.258455469775,4033728.8552394784,0.7921862855659061,0.3632973905343591,0.6402232964110088,39.48123088246723,-0.3518992754336377,52.677888344973326
13,57,55.0,4929480.23818585,-30273.653097897477,4033727.1579211415,0.8690404042320302,0.39841027091447845,0.7023781404563055,39.481210921040635,-0.3518688913946739,52.698712724260986
13,58,20.0,4929476.610803731,-30171.305940019043,4033732.292896946,0.6435808481045471,0.29455284461240394,0.520314464390383,39.48127098508487,-0.35067960419267186,52.67967552598566
13,58,25.0,4929476.262051761,-30171.16127782068,4033732.010558203,0.9700832321048323,0.44383520698102324,0.7843282213216638,39.481271024590654,-0.3506779476422901,52.230300796218216
13,58,30.0,4929476.527271023,-30171.54132729367,4033732.1639580396,0.7415558016368818,0.3391632252541352,0.599595839631483,39.481270558840905,-0.3506823459614133,52.5343327447772
13,58,35.0,4929476.728874971,-30170.789290721495,4033732.444760617,0.8235763482915309,0.3765480965384916,0.6659543026843084,39.481271382763516,-0.35067359095411976,52.86492328066379
13,58,40.0,4929476.019449474,-30171.158349536916,4033731.7950283973,0.7310595580979147,0.3341339033256978,0.5911789712971831,39.48127091568275,-0.3506779308658886,51.906002703122795
13,58,45.0,4929477.225384956,-30171.061196690425,4033732.8953381977,0.9541553174611419,0.43595090131931474,0.7716330484365475,39.48127166219682,-0.35067671590461,53.535912012681365
13,58,50.0,4929476.582059526,-30170.741622750647,4033732.4028503336,0.975534467042726,0.44556528983663435,0.7889686402803349,39.48127193385358,-0.3506730473693836,52.72473565116525
13,58,55.0,4929475.859676169,-30171.042561744973,4033731.8550890028,0.8848243140269272,0.4039945760835533,0.7156479195410441,39.4812722522524,-0.3506765964693121,51.820327907800674
13,59,0.0,4929476.694996107,-30170.95592882312,4033732.5520129944,1.054306669134184,0.48121009044112906,0.8527749414464709,39.481272316539574,-0.3506755301421917,52.90775599423796
13,59,5.0,4929472.23901,-30166.41392224404,4033738.255454085,0.8491599494413801,0.38744129212376355,0.6868814685147462,39.4813376433919,-0.35062305687896933,53.07349134143442
13,59,10.0,4929455.995276409,-30153.090702962556,4033756.637717164,0.8115228047061728,0.37013902876878807,0.656473734773414,39.481558924358374,-0.350469360329977,52.161366352811456
13,59,15.0,4929434.515793367,-30130.94746195279,4033781.4579206286,0.7337561783170679,0.33455149257780353,0.5935979635350387,39.48185525326038,-0.35021352183516724,51.26019052695483
13,59,20.0,4929417.073193752,-30102.394305029316,4033804.8037351673,0.7063136076570753,0.32192550161496064,0.571428795662247,39.48211843768498,-0.3498828933220061,52.507275300100446
13,59,25.0,4929398.820346816,-30068.500856005736,4033826.327452184,0.7606730126145917,0.34657873902338415,0.6154408506035693,39.48237378107162,-0.3494902505033179,51.94555961061269
13,59,30.0,4929378.324033123,-30028.742104695048,4033851.785478888,0.801068067338098,0.36485376705183725,0.6481585445192356,39.48266952607827,-0.3490295918218624,52.12666482664645
13,59,35.0,4929357.409614073,-29986.763257308477,4033875.4090079265,0.660877451966853,0.24969648926848992,0.655889531570584,39.482954988212875,-0.34854315477046527,50.808605085127056
13,59,40.0,4929351.673567517,-29944.557080115625,4033884.338893795,0.4029549750443271,0.16782048773541552,0.5635407259949136,39.48305138521701,-0.3480529995917463,51.86156951915473
13,59,45.0,4929343.72257965,-29919.19122855288,4033891.9643350393,0.6834638028492436,0.2576993756307512,0.6786312510486822,39.48315081174835,-0.34775873418086534,50.45477810874581
13,59,50.0,4929340.663585971,-29908.056460588276,4033897.298282859,0.38624256651776095,0.1454828051893106,0.3836031352693982,39.48320579722561,-0.3476295307042697,51.433304003439844
14,0,0.0,4929308.479585487,-29891.919243691882,4033934.574048954,0.8512050363927471,0.38685602745282394,0.6889472739363425,39.48364980266573,-0.3474442364438496,50.22031104937196
14,0,5.0,4929296.030335368,-29864.15275141894,4033954.4208046095,0.9967181844130591,0.43329342052139996,0.8122736256575329,39.48386003038253,-0.34712238134563234,53.101948340423405
14,0,25.0,4929218.293259409,-29683.512249895437,4034044.838749694,0.8036853166746335,0.36459304725980823,0.6506524287445872,39.484940031198114,-0.34502822026173696,49.75753011461347
14,1,25.0,4929355.835509105,-29287.96385772204,4033881.052813696,0.9937065353279236,0.4279507432407833,0.8107495441953941,39.483027298533926,-0.34042114823196556,49.93962425738573
14,2,50.0,4929389.249356523,-29197.588938845445,4033838.681775604,1.016860131631715,0.4810759701195786,0.8441707353697343,39.48254445987991,-0.3393684227418187,48.373239731416106
